Monday March 27 2023 03:14:02, 17.27 
Monday March 27 2023 03:15:01, 17.27 
Monday March 27 2023 03:16:01, 17.27 
Monday March 27 2023 03:17:02, 17.23 
Monday March 27 2023 03:18:01, 17.23 
Monday March 27 2023 03:19:02, 17.23 
Monday March 27 2023 03:20:01, 17.23 
Monday March 27 2023 03:21:01, 17.23 
Monday March 27 2023 03:22:02, 17.23 
Monday March 27 2023 03:23:01, 17.23 
Monday March 27 2023 03:24:01, 17.19 
Monday March 27 2023 03:25:01, 17.19 
Monday March 27 2023 03:26:02, 17.24 
Monday March 27 2023 03:27:01, 17.24 
Monday March 27 2023 03:28:01, 17.19 
Monday March 27 2023 03:29:02, 17.24 
Monday March 27 2023 03:30:01, 17.24 
Monday March 27 2023 03:31:02, 17.21 
Monday March 27 2023 03:32:02, 17.21 
Monday March 27 2023 03:33:01, 17.21 
Monday March 27 2023 03:34:02, 17.21 
Monday March 27 2023 03:35:01, 17.21 
Monday March 27 2023 03:36:02, 17.20 
Monday March 27 2023 03:37:01, 17.20 
Monday March 27 2023 03:38:02, 17.20 
Monday March 27 2023 03:39:01, 17.20 
Monday March 27 2023 03:40:02, 17.20 
Monday March 27 2023 03:41:01, 17.20 
Monday March 27 2023 03:42:01, 17.20 
Monday March 27 2023 03:43:01, 17.17 
Monday March 27 2023 03:44:02, 17.17 
Monday March 27 2023 03:45:01, 17.17 
Monday March 27 2023 03:46:02, 17.17 
Monday March 27 2023 03:47:01, 17.17 
Monday March 27 2023 03:48:01, 17.19 
Monday March 27 2023 03:49:01, 17.17 
Monday March 27 2023 03:50:02, 17.19 
Monday March 27 2023 03:51:01, 17.19 
Monday March 27 2023 03:52:01, 17.19 
Monday March 27 2023 03:53:01, 17.19 
Monday March 27 2023 03:54:01, 17.19 
Monday March 27 2023 03:55:01, 17.19 
Monday March 27 2023 03:56:02, 17.18 
Monday March 27 2023 03:57:02, 17.20 
Monday March 27 2023 03:58:01, 17.20 
Monday March 27 2023 03:59:01, 17.18 
Monday March 27 2023 04:00:01, 17.18 
Monday March 27 2023 04:01:02, 17.17 
Monday March 27 2023 04:02:02, 17.17 
Monday March 27 2023 04:03:01, 17.17 
Monday March 27 2023 04:04:01, 17.17 
Monday March 27 2023 04:05:01, 17.17 
Monday March 27 2023 04:06:02, 17.11 
Monday March 27 2023 04:07:01, 17.17 
Monday March 27 2023 04:08:02, 17.11 
Monday March 27 2023 04:09:01, 17.11 
Monday March 27 2023 04:10:02, 17.17 
Monday March 27 2023 04:11:01, 17.11 
Monday March 27 2023 04:12:01, 17.11 
Monday March 27 2023 04:13:02, 17.17 
Monday March 27 2023 04:14:01, 17.17 
Monday March 27 2023 04:15:01, 17.17 
Monday March 27 2023 04:16:02, 17.17 
Monday March 27 2023 04:17:01, 17.17 
Monday March 27 2023 04:18:01, 17.17 
Monday March 27 2023 04:19:01, 17.17 
Monday March 27 2023 04:20:01, 17.17 
Monday March 27 2023 04:21:02, 17.20 
Monday March 27 2023 04:22:01, 17.20 
Monday March 27 2023 04:23:02, 17.20 
Monday March 27 2023 04:24:01, 17.19 
Monday March 27 2023 04:25:02, 17.19 
Monday March 27 2023 04:26:01, 17.19 
Monday March 27 2023 04:27:02, 17.19 
Monday March 27 2023 04:28:01, 17.17 
Monday March 27 2023 04:29:01, 17.17 
Monday March 27 2023 04:30:01, 17.19 
Monday March 27 2023 04:31:02, 17.17 
Monday March 27 2023 04:32:01, 17.17 
Monday March 27 2023 04:33:02, 17.15 
Monday March 27 2023 04:34:01, 17.15 
Monday March 27 2023 04:35:02, 17.15 
Monday March 27 2023 04:36:01, 17.15 
Monday March 27 2023 04:37:02, 17.22 
Monday March 27 2023 04:38:01, 17.15 
Monday March 27 2023 04:39:01, 17.22 
Monday March 27 2023 04:40:01, 17.22 
Monday March 27 2023 04:41:02, 17.22 
Monday March 27 2023 04:42:01, 17.22 
Monday March 27 2023 04:43:02, 17.21 
Monday March 27 2023 04:44:01, 17.21 
Monday March 27 2023 04:45:01, 17.22 
Monday March 27 2023 04:46:02, 17.20 
Monday March 27 2023 04:47:01, 17.20 
Monday March 27 2023 04:48:01, 17.20 
Monday March 27 2023 04:49:02, 17.20 
Monday March 27 2023 04:50:01, 17.20 
Monday March 27 2023 04:51:01, 17.20 
Monday March 27 2023 04:52:01, 17.20 
Monday March 27 2023 04:53:02, 17.18 
Monday March 27 2023 04:54:02, 17.18 
Monday March 27 2023 04:55:02, 17.19 
Monday March 27 2023 04:56:01, 17.19 
Monday March 27 2023 04:57:01, 17.18 
Monday March 27 2023 04:58:01, 17.19 
Monday March 27 2023 04:59:02, 17.17 
Monday March 27 2023 05:00:01, 17.17 
Monday March 27 2023 05:01:01, 17.17 
Monday March 27 2023 05:02:02, 17.17 
Monday March 27 2023 05:03:01, 17.17 
Monday March 27 2023 05:04:01, 17.17 
Monday March 27 2023 05:05:02, 17.17 
Monday March 27 2023 05:06:01, 17.17 
Monday March 27 2023 05:07:01, 17.17 
Monday March 27 2023 05:08:02, 17.17 
Monday March 27 2023 05:09:01, 17.18 
Monday March 27 2023 05:10:01, 17.18 
Monday March 27 2023 05:11:01, 17.18 
Monday March 27 2023 05:12:02, 17.18 
Monday March 27 2023 05:13:01, 17.18 
Monday March 27 2023 05:14:01, 17.18 
Monday March 27 2023 05:15:01, 17.18 
Monday March 27 2023 05:16:01, 17.18 
Monday March 27 2023 05:17:02, 17.18 
Monday March 27 2023 05:18:01, 17.18 
Monday March 27 2023 05:19:01, 17.18 
Monday March 27 2023 05:20:01, 17.18 
Monday March 27 2023 05:21:02, 17.17 
Monday March 27 2023 05:22:01, 17.18 
Monday March 27 2023 05:23:02, 17.17 
Monday March 27 2023 05:24:02, 17.16 
Monday March 27 2023 05:25:01, 17.16 
Monday March 27 2023 05:26:01, 17.16 
Monday March 27 2023 05:27:02, 17.16 
Monday March 27 2023 05:28:01, 17.16 
Monday March 27 2023 05:29:01, 17.16 
Monday March 27 2023 05:30:01, 17.14 
Monday March 27 2023 05:31:01, 17.14 
Monday March 27 2023 05:32:02, 17.14 
Monday March 27 2023 05:33:01, 17.14 
Monday March 27 2023 05:34:01, 17.14 
Monday March 27 2023 05:35:02, 17.14 
Monday March 27 2023 05:36:01, 17.14 
Monday March 27 2023 05:37:01, 17.14 
Monday March 27 2023 05:38:02, 17.14 
Monday March 27 2023 05:39:01, 17.14 
Monday March 27 2023 05:40:01, 17.14 
Monday March 27 2023 05:41:01, 17.14 
Monday March 27 2023 05:42:02, 17.14 
Monday March 27 2023 05:43:01, 17.14 
Monday March 27 2023 05:44:01, 17.14 
Monday March 27 2023 05:45:01, 17.17 
Monday March 27 2023 05:46:02, 17.17 
Monday March 27 2023 05:47:01, 17.17 
Monday March 27 2023 05:48:01, 17.17 
Monday March 27 2023 05:49:01, 17.17 
Monday March 27 2023 05:50:02, 17.16 
Monday March 27 2023 05:51:01, 17.16 
Monday March 27 2023 05:52:01, 17.16 
Monday March 27 2023 05:53:01, 17.17 
Monday March 27 2023 05:54:02, 17.17 
Monday March 27 2023 05:55:01, 17.17 
Monday March 27 2023 05:56:01, 17.17 
Monday March 27 2023 05:57:02, 17.17 
Monday March 27 2023 05:58:01, 17.16 
Monday March 27 2023 05:59:01, 17.17 
Monday March 27 2023 06:00:01, 17.16 
Monday March 27 2023 06:01:02, 17.16 
Monday March 27 2023 06:02:01, 17.13 
Monday March 27 2023 06:03:01, 17.16 
Monday March 27 2023 06:04:02, 17.13 
Monday March 27 2023 06:05:01, 17.13 
Monday March 27 2023 06:06:01, 17.13 
Monday March 27 2023 06:07:01, 17.13 
Monday March 27 2023 06:08:01, 17.13 
Monday March 27 2023 06:09:02, 17.14 
Monday March 27 2023 06:10:01, 17.14 
Monday March 27 2023 06:11:02, 17.14 
Monday March 27 2023 06:12:01, 17.14 
Monday March 27 2023 06:13:02, 17.17 
Monday March 27 2023 06:14:01, 17.17 
Monday March 27 2023 06:15:02, 17.17 
Monday March 27 2023 06:16:01, 17.17 
Monday March 27 2023 06:17:01, 17.17 
Monday March 27 2023 06:18:01, 17.17 
Monday March 27 2023 06:19:02, 17.17 
Monday March 27 2023 06:20:01, 17.17 
Monday March 27 2023 06:21:02, 17.15 
Monday March 27 2023 06:22:01, 17.15 
Monday March 27 2023 06:23:01, 17.15 
Monday March 27 2023 06:24:01, 17.15 
Monday March 27 2023 06:25:02, 17.15 
Monday March 27 2023 06:26:01, 17.15 
Monday March 27 2023 06:27:02, 17.16 
Monday March 27 2023 06:28:01, 17.16 
Monday March 27 2023 06:29:01, 17.16 
Monday March 27 2023 06:30:01, 17.16 
Monday March 27 2023 06:31:01, 17.16 
Monday March 27 2023 06:32:02, 17.16 
Monday March 27 2023 06:33:01, 17.14 
Monday March 27 2023 06:34:01, 17.14 
Monday March 27 2023 06:35:01, 17.14 
Monday March 27 2023 06:36:02, 17.14 
Monday March 27 2023 06:37:01, 17.15 
Monday March 27 2023 06:38:02, 17.14 
Monday March 27 2023 06:39:01, 17.15 
Monday March 27 2023 06:40:02, 17.15 
Monday March 27 2023 06:41:01, 17.15 
Monday March 27 2023 06:42:01, 17.14 
Monday March 27 2023 06:43:02, 17.14 
Monday March 27 2023 06:44:01, 17.14 
Monday March 27 2023 06:45:01, 17.14 
Monday March 27 2023 06:46:01, 17.14 
Monday March 27 2023 06:47:02, 17.13 
Monday March 27 2023 06:48:01, 17.13 
Monday March 27 2023 06:49:01, 17.13 
Monday March 27 2023 06:50:01, 17.13 
Monday March 27 2023 06:51:02, 17.13 
Monday March 27 2023 06:52:01, 17.15 
Monday March 27 2023 06:53:01, 17.15 
Monday March 27 2023 06:54:02, 17.15 
Monday March 27 2023 06:55:01, 17.15 
Monday March 27 2023 06:56:01, 17.15 
Monday March 27 2023 06:57:01, 17.15 
Monday March 27 2023 06:58:01, 17.13 
Monday March 27 2023 06:59:02, 17.13 
Monday March 27 2023 07:00:02, 17.16 
Monday March 27 2023 07:01:01, 17.13 
Monday March 27 2023 07:02:01, 17.16 
Monday March 27 2023 07:03:01, 17.13 
Monday March 27 2023 07:04:02, 17.16 
Monday March 27 2023 07:05:01, 17.16 
Monday March 27 2023 07:06:01, 17.16 
Monday March 27 2023 07:07:02, 17.16 
Monday March 27 2023 07:08:01, 17.16 
Monday March 27 2023 07:09:02, 17.16 
Monday March 27 2023 07:10:01, 17.16 
Monday March 27 2023 07:11:01, 17.16 
Monday March 27 2023 07:12:01, 17.16 
Monday March 27 2023 07:13:01, 17.14 
Monday March 27 2023 07:14:02, 17.14 
Monday March 27 2023 07:15:01, 17.14 
Monday March 27 2023 07:16:01, 17.14 
Monday March 27 2023 07:17:01, 17.14 
Monday March 27 2023 07:18:01, 17.14 
Monday March 27 2023 07:19:02, 17.12 
Monday March 27 2023 07:20:02, 17.12 
Monday March 27 2023 07:21:01, 17.12 
Monday March 27 2023 07:22:01, 17.12 
Monday March 27 2023 07:23:01, 17.12 
Monday March 27 2023 07:24:01, 17.14 
Monday March 27 2023 07:25:02, 17.14 
Monday March 27 2023 07:26:02, 17.14 
Monday March 27 2023 07:27:01, 17.14 
Monday March 27 2023 07:28:01, 17.14 
Monday March 27 2023 07:29:01, 17.14 
Monday March 27 2023 07:30:02, 17.15 
Monday March 27 2023 07:31:01, 17.15 
Monday March 27 2023 07:32:01, 17.15 
Monday March 27 2023 07:33:02, 17.15 
Monday March 27 2023 07:34:01, 17.15 
Monday March 27 2023 07:35:01, 17.17 
Monday March 27 2023 07:36:02, 17.17 
Monday March 27 2023 07:37:01, 17.17 
Monday March 27 2023 07:38:01, 17.17 
Monday March 27 2023 07:39:01, 17.17 
Monday March 27 2023 07:40:02, 17.18 
Monday March 27 2023 07:41:01, 17.18 
Monday March 27 2023 07:42:01, 17.17 
Monday March 27 2023 07:43:01, 17.18 
Monday March 27 2023 07:44:02, 17.19 
Monday March 27 2023 07:45:01, 17.19 
Monday March 27 2023 07:46:01, 17.19 
Monday March 27 2023 07:47:02, 17.19 
Monday March 27 2023 07:48:01, 17.19 
Monday March 27 2023 07:49:01, 17.19 
Monday March 27 2023 07:50:01, 17.21 
Monday March 27 2023 07:51:02, 17.21 
Monday March 27 2023 07:52:01, 17.21 
Monday March 27 2023 07:53:01, 17.21 
Monday March 27 2023 07:54:02, 17.08 
Monday March 27 2023 07:55:01, 17.21 
Monday March 27 2023 07:56:01, 17.08 
Monday March 27 2023 07:57:02, 17.08 
Monday March 27 2023 07:58:01, 17.08 
Monday March 27 2023 07:59:01, 17.07 
Monday March 27 2023 08:00:02, 17.07 
Monday March 27 2023 08:01:01, 17.07 
Monday March 27 2023 08:02:01, 17.07 
Monday March 27 2023 08:03:03, 17.07 
Monday March 27 2023 08:04:01, 17.07 
Monday March 27 2023 08:05:01, 17.07 
Monday March 27 2023 08:06:01, 17.07 
Monday March 27 2023 08:07:02, 17.07 
Monday March 27 2023 08:08:01, 17.07 
Monday March 27 2023 08:09:01, 17.07 
Monday March 27 2023 08:10:01, 17.01 
Monday March 27 2023 08:11:02, 17.01 
Monday March 27 2023 08:12:01, 17.01 
Monday March 27 2023 08:13:02, 17.06 
Monday March 27 2023 08:14:01, 17.06 
Monday March 27 2023 08:15:02, 17.06 
Monday March 27 2023 08:16:01, 17.06 
Monday March 27 2023 08:17:01, 17.06 
Monday March 27 2023 08:18:01, 17.03 
Monday March 27 2023 08:19:02, 17.03 
Monday March 27 2023 08:20:01, 17.03 
Monday March 27 2023 08:21:01, 17.03 
Monday March 27 2023 08:22:02, 17.02 
Monday March 27 2023 08:23:01, 17.02 
Monday March 27 2023 08:24:01, 17.03 
Monday March 27 2023 08:25:01, 17.02 
Monday March 27 2023 08:26:02, 17.02 
Monday March 27 2023 08:27:01, 17.05 
Monday March 27 2023 08:28:01, 17.05 
Monday March 27 2023 08:29:01, 17.02 
Monday March 27 2023 08:30:02, 17.05 
Monday March 27 2023 08:31:01, 17.05 
Monday March 27 2023 08:32:01, 17.05 
Monday March 27 2023 08:33:01, 17.07 
Monday March 27 2023 08:34:02, 17.07 
Monday March 27 2023 08:35:01, 17.07 
Monday March 27 2023 08:36:01, 17.05 
Monday March 27 2023 08:37:02, 17.05 
Monday March 27 2023 08:38:01, 17.05 
Monday March 27 2023 08:39:02, 17.05 
Monday March 27 2023 08:40:01, 17.05 
Monday March 27 2023 08:41:01, 17.04 
Monday March 27 2023 08:42:01, 17.05 
Monday March 27 2023 08:43:01, 17.05 
Monday March 27 2023 08:44:01, 17.04 
Monday March 27 2023 08:45:02, 17.03 
Monday March 27 2023 08:46:01, 17.03 
Monday March 27 2023 08:47:02, 17.03 
Monday March 27 2023 08:48:01, 17.03 
Monday March 27 2023 08:49:01, 17.03 
Monday March 27 2023 08:50:02, 17.05 
Monday March 27 2023 08:51:01, 17.03 
Monday March 27 2023 08:52:01, 17.05 
Monday March 27 2023 08:53:01, 17.05 
Monday March 27 2023 08:54:02, 17.05 
Monday March 27 2023 08:55:01, 17.05 
Monday March 27 2023 08:56:01, 17.05 
Monday March 27 2023 08:57:02, 17.05 
Monday March 27 2023 08:58:01, 17.05 
Monday March 27 2023 08:59:01, 17.06 
Monday March 27 2023 09:00:01, 17.06 
Monday March 27 2023 09:01:02, 17.06 
Monday March 27 2023 09:02:01, 17.06 
Monday March 27 2023 09:03:02, 17.06 
Monday March 27 2023 09:04:01, 17.05 
Monday March 27 2023 09:05:01, 17.06 
Monday March 27 2023 09:06:02, 17.05 
Monday March 27 2023 09:07:01, 17.05 
Monday March 27 2023 09:08:01, 17.05 
Monday March 27 2023 09:09:02, 17.03 
Monday March 27 2023 09:10:01, 17.03 
Monday March 27 2023 09:11:02, 17.03 
Monday March 27 2023 09:12:01, 17.03 
Monday March 27 2023 09:13:01, 17.03 
Monday March 27 2023 09:14:01, 17.03 
Monday March 27 2023 09:15:02, 17.04 
Monday March 27 2023 09:16:01, 17.04 
Monday March 27 2023 09:17:02, 17.04 
Monday March 27 2023 09:18:01, 17.04 
Monday March 27 2023 09:19:01, 17.04 
Monday March 27 2023 09:20:02, 17.04 
Monday March 27 2023 09:21:01, 17.04 
Monday March 27 2023 09:22:01, 17.04 
Monday March 27 2023 09:23:01, 17.04 
Monday March 27 2023 09:24:02, 17.02 
Monday March 27 2023 09:25:01, 17.02 
Monday March 27 2023 09:26:01, 17.02 
Monday March 27 2023 09:27:02, 17.02 
Monday March 27 2023 09:28:01, 17.02 
Monday March 27 2023 09:29:01, 17.02 
Monday March 27 2023 09:30:02, 17.03 
Monday March 27 2023 09:31:01, 17.02 
Monday March 27 2023 09:32:01, 17.03 
Monday March 27 2023 09:33:01, 17.03 
Monday March 27 2023 09:34:02, 16.99 
Monday March 27 2023 09:35:01, 16.99 
Monday March 27 2023 09:36:01, 16.99 
Monday March 27 2023 09:37:01, 16.99 
Monday March 27 2023 09:38:02, 17.01 
Monday March 27 2023 09:39:01, 16.99 
Monday March 27 2023 09:40:01, 17.01 
Monday March 27 2023 09:41:02, 17.01 
Monday March 27 2023 09:42:01, 17.01 
Monday March 27 2023 09:43:01, 17.04 
Monday March 27 2023 09:44:02, 17.04 
Monday March 27 2023 09:45:01, 17.04 
Monday March 27 2023 09:46:01, 17.04 
Monday March 27 2023 09:47:02, 17.04 
Monday March 27 2023 09:48:01, 17.04 
Monday March 27 2023 09:49:01, 17.04 
Monday March 27 2023 09:50:01, 17.01 
Monday March 27 2023 09:51:02, 17.01 
Monday March 27 2023 09:52:01, 17.01 
Monday March 27 2023 09:53:01, 17.01 
Monday March 27 2023 09:54:01, 17.01 
Monday March 27 2023 09:55:02, 17.01 
Monday March 27 2023 09:56:01, 17.01 
Monday March 27 2023 09:57:01, 17.01 
Monday March 27 2023 09:58:02, 17.01 
Monday March 27 2023 09:59:01, 17.01 
Monday March 27 2023 10:00:01, 17.01 
Monday March 27 2023 10:01:01, 17.01 
Monday March 27 2023 10:02:02, 17.00 
Monday March 27 2023 10:03:01, 17.00 
Monday March 27 2023 10:04:02, 17.00 
Monday March 27 2023 10:05:01, 17.00 
Monday March 27 2023 10:06:01, 17.00 
Monday March 27 2023 10:07:01, 17.00 
Monday March 27 2023 10:08:02, 17.00 
Monday March 27 2023 10:09:01, 17.00 
Monday March 27 2023 10:10:01, 17.00 
Monday March 27 2023 10:11:02, 17.00 
Monday March 27 2023 10:12:01, 17.00 
Monday March 27 2023 10:13:02, 17.01 
Monday March 27 2023 10:14:01, 17.01 
Monday March 27 2023 10:15:01, 17.01 
Monday March 27 2023 10:16:01, 17.01 
Monday March 27 2023 10:17:01, 17.01 
Monday March 27 2023 10:18:02, 16.97 
Monday March 27 2023 10:19:02, 16.97 
Monday March 27 2023 10:20:01, 16.97 
Monday March 27 2023 10:21:01, 16.97 
Monday March 27 2023 10:22:01, 16.97 
Monday March 27 2023 10:23:01, 16.96 
Monday March 27 2023 10:24:02, 16.96 
Monday March 27 2023 10:25:01, 16.96 
Monday March 27 2023 10:26:01, 16.96 
Monday March 27 2023 10:27:01, 16.96 
Monday March 27 2023 10:28:02, 16.99 
Monday March 27 2023 10:29:02, 16.99 
Monday March 27 2023 10:30:01, 16.99 
Monday March 27 2023 10:31:01, 16.96 
Monday March 27 2023 10:32:01, 16.99 
Monday March 27 2023 10:33:01, 16.99 
Monday March 27 2023 10:34:02, 16.98 
Monday March 27 2023 10:35:01, 16.98 
Monday March 27 2023 10:36:01, 16.98 
Monday March 27 2023 10:37:02, 16.98 
Monday March 27 2023 10:38:01, 16.98 
Monday March 27 2023 10:39:01, 16.98 
Monday March 27 2023 10:40:01, 16.99 
Monday March 27 2023 10:41:01, 16.99 
Monday March 27 2023 10:42:02, 16.99 
Monday March 27 2023 10:43:02, 16.96 
Monday March 27 2023 10:44:01, 16.99 
Monday March 27 2023 10:45:02, 16.96 
Monday March 27 2023 10:46:01, 16.96 
Monday March 27 2023 10:47:01, 16.96 
Monday March 27 2023 10:48:02, 16.96 
Monday March 27 2023 10:49:01, 16.96 
Monday March 27 2023 10:50:01, 16.96 
Monday March 27 2023 10:51:01, 16.96 
Monday March 27 2023 10:52:01, 16.96 
Monday March 27 2023 10:53:02, 16.99 
Monday March 27 2023 10:54:01, 16.99 
Monday March 27 2023 10:55:01, 16.96 
Monday March 27 2023 10:56:01, 16.99 
Monday March 27 2023 10:57:02, 16.99 
Monday March 27 2023 10:58:01, 16.99 
Monday March 27 2023 10:59:01, 16.99 
Monday March 27 2023 11:00:01, 16.99 
Monday March 27 2023 11:01:01, 16.99 
Monday March 27 2023 11:02:01, 16.99 
Monday March 27 2023 11:03:02, 16.98 
Monday March 27 2023 11:04:01, 16.98 
Monday March 27 2023 11:05:02, 16.98 
Monday March 27 2023 11:06:01, 16.98 
Monday March 27 2023 11:07:01, 16.98 
Monday March 27 2023 11:08:02, 16.97 
Monday March 27 2023 11:09:01, 16.98 
Monday March 27 2023 11:10:01, 16.97 
Monday March 27 2023 11:11:02, 16.97 
Monday March 27 2023 11:12:01, 16.97 
Monday March 27 2023 11:13:01, 16.97 
Monday March 27 2023 11:14:01, 16.97 
Monday March 27 2023 11:15:02, 16.97 
Monday March 27 2023 11:16:01, 16.95 
Monday March 27 2023 11:17:01, 16.95 
Monday March 27 2023 11:18:02, 16.97 
Monday March 27 2023 11:19:01, 16.97 
Monday March 27 2023 11:20:01, 16.97 
Monday March 27 2023 11:21:02, 16.97 
Monday March 27 2023 11:22:01, 16.97 
Monday March 27 2023 11:23:01, 16.97 
Monday March 27 2023 11:24:02, 17.05 
Monday March 27 2023 11:25:01, 17.05 
Monday March 27 2023 11:26:01, 17.05 
Monday March 27 2023 11:27:01, 17.05 
Monday March 27 2023 11:28:01, 17.05 
Monday March 27 2023 11:29:02, 17.04 
Monday March 27 2023 11:30:01, 17.04 
Monday March 27 2023 11:31:02, 17.04 
Monday March 27 2023 11:32:01, 17.05 
Monday March 27 2023 11:33:01, 17.04 
Monday March 27 2023 11:34:02, 17.05 
Monday March 27 2023 11:35:02, 17.05 
Monday March 27 2023 11:36:01, 17.05 
Monday March 27 2023 11:37:01, 17.04 
Monday March 27 2023 11:38:02, 17.05 
Monday March 27 2023 11:39:01, 17.04 
Monday March 27 2023 11:40:01, 17.05 
Monday March 27 2023 11:41:02, 17.04 
Monday March 27 2023 11:42:01, 17.07 
Monday March 27 2023 11:43:02, 17.07 
Monday March 27 2023 11:44:01, 17.07 
Monday March 27 2023 11:45:01, 17.07 
Monday March 27 2023 11:46:01, 17.07 
Monday March 27 2023 11:47:02, 17.06 
Monday March 27 2023 11:48:01, 17.07 
Monday March 27 2023 11:49:01, 17.06 
Monday March 27 2023 11:50:02, 17.06 
Monday March 27 2023 11:51:01, 17.06 
Monday March 27 2023 11:52:01, 17.05 
Monday March 27 2023 11:53:02, 17.05 
Monday March 27 2023 11:54:01, 17.05 
Monday March 27 2023 11:55:01, 17.05 
Monday March 27 2023 11:56:02, 17.05 
Monday March 27 2023 11:57:01, 17.08 
Monday March 27 2023 11:58:01, 17.05 
Monday March 27 2023 11:59:01, 17.05 
Monday March 27 2023 12:00:02, 17.08 
Monday March 27 2023 12:01:01, 17.08 
Monday March 27 2023 12:02:01, 17.08 
Monday March 27 2023 12:03:01, 17.08 
Monday March 27 2023 12:04:02, 17.08 
Monday March 27 2023 12:05:01, 17.08 
Monday March 27 2023 12:06:01, 17.08 
Monday March 27 2023 12:07:02, 17.07 
Monday March 27 2023 12:08:01, 17.07 
Monday March 27 2023 12:09:02, 17.07 
Monday March 27 2023 12:10:01, 17.07 
Monday March 27 2023 12:11:01, 17.07 
Monday March 27 2023 12:12:01, 17.08 
Monday March 27 2023 12:13:02, 17.08 
Monday March 27 2023 12:14:01, 17.08 
Monday March 27 2023 12:15:01, 17.08 
Monday March 27 2023 12:16:01, 17.08 
Monday March 27 2023 12:17:02, 17.09 
Monday March 27 2023 12:18:01, 17.09 
Monday March 27 2023 12:19:01, 17.08 
Monday March 27 2023 12:20:01, 17.08 
Monday March 27 2023 12:21:01, 17.09 
Monday March 27 2023 12:22:02, 17.10 
Monday March 27 2023 12:23:02, 17.10 
Monday March 27 2023 12:24:01, 17.10 
Monday March 27 2023 12:25:03, 17.10 
Monday March 27 2023 12:26:01, 17.10 
Monday March 27 2023 12:27:01, 17.10 
Monday March 27 2023 12:28:02, 17.10 
Monday March 27 2023 12:29:01, 17.10 
Monday March 27 2023 12:30:01, 17.10 
Monday March 27 2023 12:31:02, 17.10 
Monday March 27 2023 12:32:01, 17.10 
Monday March 27 2023 12:33:02, 17.10 
Monday March 27 2023 12:34:01, 17.10 
Monday March 27 2023 12:35:01, 17.10 
Monday March 27 2023 12:36:01, 17.10 
Monday March 27 2023 12:37:02, 17.11 
Monday March 27 2023 12:38:01, 17.11 
Monday March 27 2023 12:39:02, 17.11 
Monday March 27 2023 12:40:01, 17.11 
Monday March 27 2023 12:41:02, 17.15 
Monday March 27 2023 12:42:01, 17.15 
Monday March 27 2023 12:43:01, 17.15 
Monday March 27 2023 12:44:01, 17.15 
Monday March 27 2023 12:45:02, 17.13 
Monday March 27 2023 12:46:01, 17.15 
Monday March 27 2023 12:47:02, 17.13 
Monday March 27 2023 12:48:01, 17.15 
Monday March 27 2023 12:49:01, 17.13 
Monday March 27 2023 12:50:02, 17.16 
Monday March 27 2023 12:51:01, 17.16 
Monday March 27 2023 12:52:01, 17.13 
Monday March 27 2023 12:53:01, 17.16 
Monday March 27 2023 12:54:02, 17.16 
Monday March 27 2023 12:55:01, 17.14 
Monday March 27 2023 12:56:01, 17.14 
Monday March 27 2023 12:57:02, 17.14 
Monday March 27 2023 12:58:01, 17.13 
Monday March 27 2023 12:59:02, 17.13 
Monday March 27 2023 13:00:01, 17.14 
Monday March 27 2023 13:01:01, 17.13 
Monday March 27 2023 13:02:02, 17.13 
Monday March 27 2023 13:03:01, 17.17 
Monday March 27 2023 13:04:02, 17.17 
Monday March 27 2023 13:05:01, 17.17 
Monday March 27 2023 13:06:01, 17.17 
Monday March 27 2023 13:07:01, 17.17 
Monday March 27 2023 13:08:03, 17.18 
Monday March 27 2023 13:09:01, 17.17 
Monday March 27 2023 13:10:01, 17.18 
Monday March 27 2023 13:11:01, 17.18 
Monday March 27 2023 13:12:02, 17.18 
Monday March 27 2023 13:13:02, 17.18 
Monday March 27 2023 13:14:01, 17.18 
Monday March 27 2023 13:15:01, 17.18 
Monday March 27 2023 13:16:02, 17.18 
Monday March 27 2023 13:17:01, 17.18 
Monday March 27 2023 13:18:01, 17.14 
Monday March 27 2023 13:19:02, 17.14 
Monday March 27 2023 13:20:01, 17.14 
Monday March 27 2023 13:21:01, 17.15 
Monday March 27 2023 13:22:01, 17.14 
Monday March 27 2023 13:23:02, 17.15 
Monday March 27 2023 13:24:01, 17.14 
Monday March 27 2023 13:25:01, 17.15 
Monday March 27 2023 13:26:01, 17.15 
Monday March 27 2023 13:27:02, 17.15 
Monday March 27 2023 13:28:01, 17.15 
Monday March 27 2023 13:29:01, 17.15 
Monday March 27 2023 13:30:01, 17.15 
Monday March 27 2023 13:31:01, 17.15 
Monday March 27 2023 13:32:02, 17.17 
Monday March 27 2023 13:33:01, 17.17 
Monday March 27 2023 13:34:01, 17.17 
Monday March 27 2023 13:35:01, 17.16 
Monday March 27 2023 13:36:02, 17.16 
Monday March 27 2023 13:37:01, 17.16 
Monday March 27 2023 13:38:01, 17.16 
Monday March 27 2023 13:39:01, 17.16 
Monday March 27 2023 13:40:02, 17.14 
Monday March 27 2023 13:41:01, 17.14 
Monday March 27 2023 13:42:01, 17.16 
Monday March 27 2023 13:43:01, 17.14 
Monday March 27 2023 13:44:02, 17.14 
Monday March 27 2023 13:45:01, 17.15 
Monday March 27 2023 13:46:01, 17.14 
Monday March 27 2023 13:47:02, 17.15 
Monday March 27 2023 13:48:01, 
Monday March 27 2023 13:49:01, 17.15 
Monday March 27 2023 13:50:02, 17.11 
Monday March 27 2023 13:51:01, 17.11 
Monday March 27 2023 13:52:01, 17.15 
Monday March 27 2023 13:53:01, 17.11 
Monday March 27 2023 13:54:02, 17.13 
Monday March 27 2023 13:55:01, 17.11 
Monday March 27 2023 13:56:01, 17.13 
Monday March 27 2023 13:57:01, 17.13 
Monday March 27 2023 13:58:02, 17.13 
Monday March 27 2023 13:59:01, 17.15 
Monday March 27 2023 14:00:02, 17.15 
Monday March 27 2023 14:01:01, 17.13 
Monday March 27 2023 14:02:01, 17.15 
Monday March 27 2023 14:03:01, 17.15 
Monday March 27 2023 14:04:02, 17.15 
Monday March 27 2023 14:05:01, 17.15 
Monday March 27 2023 14:06:01, 17.15 
Monday March 27 2023 14:07:02, 17.15 
Monday March 27 2023 14:08:01, 17.15 
Monday March 27 2023 14:09:01, 17.15 
Monday March 27 2023 14:10:01, 17.15 
Monday March 27 2023 14:11:02, 17.15 
Monday March 27 2023 14:12:01, 17.15 
Monday March 27 2023 14:13:01, 17.15 
Monday March 27 2023 14:14:02, 17.15 
Monday March 27 2023 14:15:01, 17.18 
Monday March 27 2023 14:16:01, 17.15 
Monday March 27 2023 14:17:01, 17.15 
Monday March 27 2023 14:18:02, 17.15 
Monday March 27 2023 14:19:01, 17.18 
Monday March 27 2023 14:20:02, 17.15 
Monday March 27 2023 14:21:01, 17.15 
Monday March 27 2023 14:22:01, 17.15 
Monday March 27 2023 14:23:01, 17.15 
Monday March 27 2023 14:24:02, 17.15 
Monday March 27 2023 14:25:01, 17.20 
Monday March 27 2023 14:26:02, 17.20 
Monday March 27 2023 14:27:01, 17.20 
Monday March 27 2023 14:28:02, 17.19 
Monday March 27 2023 14:29:01, 17.20 
Monday March 27 2023 14:30:01, 17.19 
Monday March 27 2023 14:31:02, 17.19 
Monday March 27 2023 14:32:01, 17.19 
Monday March 27 2023 14:33:02, 17.19 
Monday March 27 2023 14:34:01, 17.19 
Monday March 27 2023 14:35:01, 17.19 
Monday March 27 2023 14:36:01, 17.19 
Monday March 27 2023 14:37:02, 17.15 
Monday March 27 2023 14:38:01, 17.15 
Monday March 27 2023 14:39:01, 17.15 
Monday March 27 2023 14:40:01, 17.15 
Monday March 27 2023 14:41:02, 17.15 
Monday March 27 2023 14:42:01, 17.13 
Monday March 27 2023 14:43:01, 17.13 
Monday March 27 2023 14:44:01, 17.13 
Monday March 27 2023 14:45:02, 17.13 
Monday March 27 2023 14:46:01, 17.13 
Monday March 27 2023 14:47:02, 17.07 
Monday March 27 2023 14:48:01, 17.13 
Monday March 27 2023 14:49:01, 17.07 
Monday March 27 2023 14:50:01, 17.07 
Monday March 27 2023 14:51:01, 17.07 
Monday March 27 2023 14:52:02, 17.06 
Monday March 27 2023 14:53:01, 17.06 
Monday March 27 2023 14:54:02, 17.06 
Monday March 27 2023 14:55:01, 17.06 
Monday March 27 2023 14:56:02, 17.06 
Monday March 27 2023 14:57:01, 17.06 
Monday March 27 2023 14:58:01, 17.06 
Monday March 27 2023 14:59:01, 17.06 
Monday March 27 2023 15:00:02, 17.05 
Monday March 27 2023 15:01:01, 17.05 
Monday March 27 2023 15:02:01, 17.05 
Monday March 27 2023 15:03:02, 17.05 
Monday March 27 2023 15:04:01, 17.05 
Monday March 27 2023 15:05:01, 17.05 
Monday March 27 2023 15:06:02, 17.05 
Monday March 27 2023 15:07:01, 17.05 
Monday March 27 2023 15:08:01, 17.05 
Monday March 27 2023 15:09:02, 16.98 
Monday March 27 2023 15:10:01, 16.98 
Monday March 27 2023 15:11:01, 16.98 
Monday March 27 2023 15:12:02, 16.98 
Monday March 27 2023 15:13:01, 16.98 
Monday March 27 2023 15:14:01, 16.98 
Monday March 27 2023 15:15:01, 16.98 
Monday March 27 2023 15:16:01, 16.98 
Monday March 27 2023 15:17:02, 16.99 
Monday March 27 2023 15:18:01, 16.99 
Monday March 27 2023 15:19:01, 16.99 
Monday March 27 2023 15:20:02, 16.99 
Monday March 27 2023 15:21:01, 16.99 
Monday March 27 2023 15:22:02, 16.99 
Monday March 27 2023 15:23:01, 16.99 
Monday March 27 2023 15:24:01, 16.97 
Monday March 27 2023 15:25:01, 16.97 
Monday March 27 2023 15:26:02, 16.97 
Monday March 27 2023 15:27:01, 16.97 
Monday March 27 2023 15:28:01, 16.97 
Monday March 27 2023 15:29:02, 16.97 
Monday March 27 2023 15:30:01, 16.97 
Monday March 27 2023 15:31:01, 16.97 
Monday March 27 2023 15:32:02, 16.97 
Monday March 27 2023 15:33:01, 16.97 
Monday March 27 2023 15:34:01, 16.97 
Monday March 27 2023 15:35:01, 16.97 
Monday March 27 2023 15:36:02, 16.98 
Monday March 27 2023 15:37:01, 16.98 
Monday March 27 2023 15:38:02, 16.98 
Monday March 27 2023 15:39:01, 16.95 
Monday March 27 2023 15:40:01, 16.98 
Monday March 27 2023 15:41:01, 16.98 
Monday March 27 2023 15:42:01, 16.95 
Monday March 27 2023 15:43:02, 17.00 
Monday March 27 2023 15:44:01, 17.00 
Monday March 27 2023 15:45:02, 17.00 
Monday March 27 2023 15:46:01, 17.00 
Monday March 27 2023 15:47:01, 17.00 
Monday March 27 2023 15:48:01, 17.00 
Monday March 27 2023 15:49:01, 17.05 
Monday March 27 2023 15:50:02, 17.05 
Monday March 27 2023 15:51:01, 17.05 
Monday March 27 2023 15:52:01, 17.05 
Monday March 27 2023 15:53:02, 17.04 
Monday March 27 2023 15:54:01, 17.04 
Monday March 27 2023 15:55:01, 17.04 
Monday March 27 2023 15:56:01, 17.04 
Monday March 27 2023 15:57:02, 16.98 
Monday March 27 2023 15:58:01, 17.04 
Monday March 27 2023 15:59:01, 16.98 
Monday March 27 2023 16:00:01, 17.04 
Monday March 27 2023 16:01:02, 16.99 
Monday March 27 2023 16:02:01, 16.99 
Monday March 27 2023 16:03:01, 16.99 
Monday March 27 2023 16:04:02, 16.99 
Monday March 27 2023 16:05:01, 17.02 
Monday March 27 2023 16:06:01, 16.99 
Monday March 27 2023 16:07:02, 16.99 
Monday March 27 2023 16:08:01, 17.02 
Monday March 27 2023 16:09:01, 17.02 
Monday March 27 2023 16:10:02, 17.02 
Monday March 27 2023 16:11:01, 17.02 
Monday March 27 2023 16:12:02, 17.02 
Monday March 27 2023 16:13:01, 17.02 
Monday March 27 2023 16:14:01, 17.02 
Monday March 27 2023 16:15:02, 16.97 
Monday March 27 2023 16:16:01, 17.02 
Monday March 27 2023 16:17:01, 17.02 
Monday March 27 2023 16:18:02, 16.97 
Monday March 27 2023 16:19:01, 16.89 
Monday March 27 2023 16:20:02, 16.89 
Monday March 27 2023 16:21:01, 16.89 
Monday March 27 2023 16:22:02, 16.89 
Monday March 27 2023 16:23:01, 16.89 
Monday March 27 2023 16:24:01, 16.89 
Monday March 27 2023 16:25:02, 16.82 
Monday March 27 2023 16:26:01, 16.82 
Monday March 27 2023 16:27:01, 16.89 
Monday March 27 2023 16:28:01, 16.80 
Monday March 27 2023 16:29:02, 16.80 
Monday March 27 2023 16:30:01, 16.80 
Monday March 27 2023 16:31:01, 16.80 
Monday March 27 2023 16:32:01, 16.80 
Monday March 27 2023 16:33:01, 16.80 
Monday March 27 2023 16:34:02, 16.73 
Monday March 27 2023 16:35:01, 16.73 
Monday March 27 2023 16:36:02, 16.73 
Monday March 27 2023 16:37:01, 16.73 
Monday March 27 2023 16:38:01, 16.73 
Monday March 27 2023 16:39:01, 16.73 
Monday March 27 2023 16:40:01, 16.73 
Monday March 27 2023 16:41:01, 16.82 
Monday March 27 2023 16:42:02, 16.82 
Monday March 27 2023 16:43:02, 16.82 
Monday March 27 2023 16:44:01, 16.82 
Monday March 27 2023 16:45:01, 16.82 
Monday March 27 2023 16:46:01, 16.82 
Monday March 27 2023 16:47:02, 16.82 
Monday March 27 2023 16:48:01, 16.85 
Monday March 27 2023 16:49:01, 16.85 
Monday March 27 2023 16:50:02, 16.85 
Monday March 27 2023 16:51:01, 16.85 
Monday March 27 2023 16:52:01, 16.85 
Monday March 27 2023 16:53:02, 16.85 
Monday March 27 2023 16:54:01, 16.85 
Monday March 27 2023 16:55:02, 16.85 
Monday March 27 2023 16:56:01, 16.85 
Monday March 27 2023 16:57:01, 16.82 
Monday March 27 2023 16:58:01, 16.82 
Monday March 27 2023 16:59:02, 16.82 
Monday March 27 2023 17:00:01, 16.82 
Monday March 27 2023 17:01:01, 16.62 
Monday March 27 2023 17:02:01, 16.82 
Monday March 27 2023 17:03:02, 16.62 
Monday March 27 2023 17:04:01, 16.62 
Monday March 27 2023 17:05:01, 16.62 
Monday March 27 2023 17:06:02, 16.51 
Monday March 27 2023 17:07:01, 16.62 
Monday March 27 2023 17:08:01, 16.51 
Monday March 27 2023 17:09:01, 16.62 
Monday March 27 2023 17:10:02, 16.41 
Monday March 27 2023 17:11:01, 16.41 
Monday March 27 2023 17:12:01, 16.41 
Monday March 27 2023 17:13:02, 16.41 
Monday March 27 2023 17:14:01, 16.41 
Monday March 27 2023 17:15:02, 16.41 
Monday March 27 2023 17:16:01, 16.54 
Monday March 27 2023 17:17:01, 16.54 
Monday March 27 2023 17:18:01, 16.54 
Monday March 27 2023 17:19:02, 16.54 
Monday March 27 2023 17:20:01, 16.54 
Monday March 27 2023 17:21:02, 16.55 
Monday March 27 2023 17:22:01, 16.55 
Monday March 27 2023 17:23:01, 16.55 
Monday March 27 2023 17:24:01, 16.55 
Monday March 27 2023 17:25:02, 16.60 
Monday March 27 2023 17:26:01, 16.60 
Monday March 27 2023 17:27:02, 16.60 
Monday March 27 2023 17:28:01, 16.60 
Monday March 27 2023 17:29:01, 16.60 
Monday March 27 2023 17:30:01, 16.60 
Monday March 27 2023 17:31:01, 16.60 
Monday March 27 2023 17:32:02, 16.62 
Monday March 27 2023 17:33:01, 16.62 
Monday March 27 2023 17:34:01, 16.62 
Monday March 27 2023 17:35:02, 16.62 
Monday March 27 2023 17:36:01, 16.62 
Monday March 27 2023 17:37:01, 16.62 
Monday March 27 2023 17:38:01, 16.62 
Monday March 27 2023 17:39:02, 16.62 
Monday March 27 2023 17:40:01, 16.63 
Monday March 27 2023 17:41:01, 16.63 
Monday March 27 2023 17:42:02, 16.63 
Monday March 27 2023 17:43:01, 16.63 
Monday March 27 2023 17:44:01, 16.63 
Monday March 27 2023 17:45:01, 16.63 
Monday March 27 2023 17:46:01, 16.71 
Monday March 27 2023 17:47:02, 16.71 
Monday March 27 2023 17:48:01, 16.71 
Monday March 27 2023 17:49:01, 16.71 
Monday March 27 2023 17:50:01, 16.71 
Monday March 27 2023 17:51:02, 16.70 
Monday March 27 2023 17:52:01, 16.70 
Monday March 27 2023 17:53:02, 16.70 
Monday March 27 2023 17:54:01, 16.70 
Monday March 27 2023 17:55:01, 16.70 
Monday March 27 2023 17:56:02, 16.70 
Monday March 27 2023 17:57:01, 16.70 
Monday March 27 2023 17:58:01, 16.70 
Monday March 27 2023 17:59:01, 16.70 
Monday March 27 2023 18:00:02, 16.70 
Monday March 27 2023 18:01:01, 16.69 
Monday March 27 2023 18:02:02, 16.69 
Monday March 27 2023 18:03:01, 16.69 
Monday March 27 2023 18:04:01, 16.68 
Monday March 27 2023 18:05:02, 16.68 
Monday March 27 2023 18:06:01, 16.68 
Monday March 27 2023 18:07:02, 16.68 
Monday March 27 2023 18:08:01, 16.68 
Monday March 27 2023 18:09:02, 16.81 
Monday March 27 2023 18:10:01, 16.81 
Monday March 27 2023 18:11:02, 16.81 
Monday March 27 2023 18:12:02, 16.81 
Monday March 27 2023 18:13:01, 16.77 
Monday March 27 2023 18:14:02, 16.77 
Monday March 27 2023 18:15:01, 16.81 
Monday March 27 2023 18:16:01, 16.77 
Monday March 27 2023 18:17:02, 16.77 
Monday March 27 2023 18:18:01, 16.77 
Monday March 27 2023 18:19:01, 16.82 
Monday March 27 2023 18:20:01, 16.82 
Monday March 27 2023 18:21:01, 16.82 
Monday March 27 2023 18:22:02, 16.82 
Monday March 27 2023 18:23:01, 16.82 
Monday March 27 2023 18:24:01, 16.78 
Monday March 27 2023 18:25:02, 16.78 
Monday March 27 2023 18:26:01, 16.78 
Monday March 27 2023 18:27:01, 16.78 
Monday March 27 2023 18:28:02, 16.80 
Monday March 27 2023 18:29:02, 16.80 
Monday March 27 2023 18:30:01, 16.80 
Monday March 27 2023 18:31:01, 16.80 
Monday March 27 2023 18:32:02, 16.81 
Monday March 27 2023 18:33:01, 16.81 
Monday March 27 2023 18:34:01, 16.80 
Monday March 27 2023 18:35:02, 16.81 
Monday March 27 2023 18:36:01, 16.81 
Monday March 27 2023 18:37:02, 16.74 
Monday March 27 2023 18:38:01, 16.81 
Monday March 27 2023 18:39:01, 16.74 
Monday March 27 2023 18:40:01, 16.81 
Monday March 27 2023 18:41:02, 16.74 
Monday March 27 2023 18:42:01, 16.74 
Monday March 27 2023 18:43:01, 16.71 
Monday March 27 2023 18:44:02, 16.71 
Monday March 27 2023 18:45:01, 16.74 
Monday March 27 2023 18:46:01, 16.71 
Monday March 27 2023 18:47:01, 16.71 
Monday March 27 2023 18:48:02, 16.71 
Monday March 27 2023 18:49:01, 16.71 
Monday March 27 2023 18:50:01, 16.71 
Monday March 27 2023 18:51:01, 16.71 
Monday March 27 2023 18:52:01, 16.71 
Monday March 27 2023 18:53:02, 16.66 
Monday March 27 2023 18:54:01, 16.66 
Monday March 27 2023 18:55:01, 16.66 
Monday March 27 2023 18:56:02, 16.66 
Monday March 27 2023 18:57:01, 16.66 
Monday March 27 2023 18:58:01, 16.66 
Monday March 27 2023 18:59:01, 16.66 
Monday March 27 2023 19:00:02, 16.67 
Monday March 27 2023 19:01:01, 16.67 
Monday March 27 2023 19:02:01, 16.67 
Monday March 27 2023 19:03:02, 16.67 
Monday March 27 2023 19:04:02, 16.67 
Monday March 27 2023 19:05:01, 16.67 
Monday March 27 2023 19:06:01, 16.71 
Monday March 27 2023 19:07:01, 16.71 
Monday March 27 2023 19:08:02, 16.71 
Monday March 27 2023 19:09:01, 16.71 
Monday March 27 2023 19:10:01, 16.71 
Monday March 27 2023 19:11:01, 16.71 
Monday March 27 2023 19:12:02, 16.68 
Monday March 27 2023 19:13:01, 16.68 
Monday March 27 2023 19:14:01, 16.68 
Monday March 27 2023 19:15:02, 16.68 
Monday March 27 2023 19:16:01, 16.72 
Monday March 27 2023 19:17:02, 16.72 
Monday March 27 2023 19:18:02, 16.72 
Monday March 27 2023 19:19:01, 16.72 
Monday March 27 2023 19:20:01, 16.72 
Monday March 27 2023 19:21:01, 16.72 
Monday March 27 2023 19:22:01, 16.72 
Monday March 27 2023 19:23:02, 16.74 
Monday March 27 2023 19:24:01, 16.74 
Monday March 27 2023 19:25:01, 16.74 
Monday March 27 2023 19:26:02, 16.74 
Monday March 27 2023 19:27:01, 16.74 
Monday March 27 2023 19:28:01, 16.66 
Monday March 27 2023 19:29:02, 16.66 
Monday March 27 2023 19:30:02, 16.66 
Monday March 27 2023 19:31:01, 16.66 
Monday March 27 2023 19:32:01, 16.66 
Monday March 27 2023 19:33:01, 16.66 
Monday March 27 2023 19:34:01, 16.66 
Monday March 27 2023 19:35:02, 16.66 
Monday March 27 2023 19:36:01, 16.66 
Monday March 27 2023 19:37:02, 16.65 
Monday March 27 2023 19:38:01, 16.65 
Monday March 27 2023 19:57:02, 16.69 
Monday March 27 2023 19:58:01, 16.69 
Monday March 27 2023 19:59:02, 16.69 
Monday March 27 2023 20:00:01, 16.69 
Monday March 27 2023 20:01:02, 16.69 
Monday March 27 2023 20:02:01, 16.65 
Monday March 27 2023 20:03:02, 16.65 
Monday March 27 2023 20:04:01, 16.65 
Monday March 27 2023 20:05:01, 16.65 
Monday March 27 2023 20:06:01, 16.67 
Monday March 27 2023 20:07:01, 16.65 
Monday March 27 2023 20:08:02, 16.67 
Monday March 27 2023 20:09:01, 16.67 
Monday March 27 2023 20:10:01, 16.67 
Monday March 27 2023 20:11:02, 16.71 
Monday March 27 2023 20:12:01, 16.71 
Monday March 27 2023 20:13:01, 16.71 
Monday March 27 2023 20:14:01, 16.71 
Monday March 27 2023 20:15:01, 16.71 
Monday March 27 2023 20:16:02, 16.73 
Monday March 27 2023 20:17:01, 16.73 
Monday March 27 2023 20:18:02, 16.73 
Monday March 27 2023 20:19:01, 16.73 
Monday March 27 2023 20:20:01, 16.73 
Monday March 27 2023 20:21:01, 16.73 
Monday March 27 2023 20:22:02, 16.78 
Monday March 27 2023 20:23:01, 16.78 
Monday March 27 2023 20:24:01, 16.78 
Monday March 27 2023 20:25:01, 16.78 
Monday March 27 2023 20:26:01, 16.78 
Monday March 27 2023 20:27:02, 16.76 
Monday March 27 2023 20:28:01, 16.76 
Monday March 27 2023 20:29:02, 16.76 
Monday March 27 2023 20:30:01, 16.76 
Monday March 27 2023 20:31:01, 16.76 
Monday March 27 2023 20:32:01, 16.77 
Monday March 27 2023 20:33:02, 16.77 
Monday March 27 2023 20:34:01, 16.77 
Monday March 27 2023 20:35:02, 16.77 
Monday March 27 2023 20:36:01, 16.77 
Monday March 27 2023 20:37:01, 16.74 
Monday March 27 2023 20:38:01, 16.74 
Monday March 27 2023 20:39:02, 16.74 
Monday March 27 2023 20:40:02, 16.74 
Monday March 27 2023 20:41:01, 16.74 
Monday March 27 2023 20:42:01, 16.74 
Monday March 27 2023 20:43:01, 16.74 
Monday March 27 2023 20:44:01, 16.75 
Monday March 27 2023 20:45:02, 16.75 
Monday March 27 2023 20:46:01, 16.73 
Monday March 27 2023 20:47:01, 16.73 
Monday March 27 2023 20:48:01, 16.73 
Monday March 27 2023 20:49:02, 16.73 
Monday March 27 2023 20:50:01, 16.73 
Monday March 27 2023 20:51:01, 16.72 
Monday March 27 2023 20:52:02, 16.72 
Monday March 27 2023 20:53:01, 16.72 
Monday March 27 2023 20:54:01, 16.72 
Monday March 27 2023 20:55:01, 16.72 
Monday March 27 2023 20:56:02, 16.73 
Monday March 27 2023 20:57:01, 16.73 
Monday March 27 2023 20:58:01, 16.73 
Monday March 27 2023 20:59:02, 16.73 
Monday March 27 2023 21:00:01, 16.73 
Monday March 27 2023 21:01:01, 16.73 
Monday March 27 2023 21:02:02, 16.75 
Monday March 27 2023 21:03:01, 16.75 
Monday March 27 2023 21:04:02, 16.75 
Monday March 27 2023 21:05:01, 16.75 
Monday March 27 2023 21:06:02, 16.75 
Monday March 27 2023 21:07:02, 16.75 
Monday March 27 2023 21:08:01, 16.74 
Monday March 27 2023 21:09:01, 16.74 
Monday March 27 2023 21:10:01, 16.75 
Monday March 27 2023 21:11:02, 16.74 
Monday March 27 2023 21:12:01, 16.75 
Monday March 27 2023 21:13:01, 16.75 
Monday March 27 2023 21:14:02, 16.75 
Monday March 27 2023 21:15:02, 16.75 
Monday March 27 2023 21:16:01, 16.75 
Monday March 27 2023 21:17:01, 16.75 
Monday March 27 2023 21:18:02, 16.74 
Monday March 27 2023 21:19:01, 16.74 
Monday March 27 2023 21:20:01, 16.74 
Monday March 27 2023 21:21:02, 16.74 
Monday March 27 2023 21:22:01, 16.74 
Monday March 27 2023 21:23:01, 16.74 
Monday March 27 2023 21:24:01, 16.74 
Monday March 27 2023 21:25:02, 16.73 
Monday March 27 2023 21:26:01, 16.73 
Monday March 27 2023 21:27:01, 16.73 
Monday March 27 2023 21:28:02, 16.78 
Monday March 27 2023 21:29:01, 16.78 
Monday March 27 2023 21:30:01, 16.78 
Monday March 27 2023 21:31:01, 16.73 
Monday March 27 2023 21:32:02, 16.78 
Monday March 27 2023 21:33:01, 16.78 
Monday March 27 2023 21:34:01, 16.78 
Monday March 27 2023 21:35:02, 16.78 
Monday March 27 2023 21:36:01, 16.78 
Monday March 27 2023 21:37:01, 16.78 
Monday March 27 2023 21:38:02, 16.74 
Monday March 27 2023 21:39:01, 16.74 
Monday March 27 2023 21:40:01, 16.74 
Monday March 27 2023 21:41:01, 16.74 
Monday March 27 2023 21:42:02, 16.70 
Monday March 27 2023 21:43:01, 16.74 
Monday March 27 2023 21:44:02, 16.70 
Monday March 27 2023 21:45:01, 16.70 
Monday March 27 2023 21:46:01, 16.68 
Monday March 27 2023 21:47:02, 16.70 
Monday March 27 2023 21:48:01, 16.68 
Monday March 27 2023 21:49:01, 16.68 
Monday March 27 2023 21:50:01, 16.68 
Monday March 27 2023 21:51:02, 16.69 
Monday March 27 2023 21:52:01, 16.68 
Monday March 27 2023 21:53:01, 16.69 
Monday March 27 2023 21:54:02, 16.69 
Monday March 27 2023 21:55:01, 16.69 
Monday March 27 2023 21:56:01, 16.69 
Monday March 27 2023 21:57:01, 16.68 
Monday March 27 2023 21:58:01, 16.69 
Monday March 27 2023 21:59:02, 16.68 
Monday March 27 2023 22:00:01, 16.68 
Monday March 27 2023 22:01:02, 16.68 
Monday March 27 2023 22:02:01, 16.70 
Monday March 27 2023 22:03:02, 16.70 
Monday March 27 2023 22:04:02, 16.70 
Monday March 27 2023 22:05:01, 16.70 
Monday March 27 2023 22:06:01, 16.70 
Monday March 27 2023 22:07:01, 16.70 
Monday March 27 2023 22:08:02, 16.66 
Monday March 27 2023 22:09:01, 16.66 
Monday March 27 2023 22:10:01, 16.70 
Monday March 27 2023 22:11:02, 16.61 
Monday March 27 2023 22:12:01, 16.61 
Monday March 27 2023 22:13:02, 16.66 
Monday March 27 2023 22:14:01, 16.61 
Monday March 27 2023 22:15:02, 16.61 
Monday March 27 2023 22:16:01, 16.61 
Monday March 27 2023 22:17:01, 16.62 
Monday March 27 2023 22:18:01, 16.62 
Monday March 27 2023 22:19:02, 16.62 
Monday March 27 2023 22:20:01, 16.62 
Monday March 27 2023 22:21:02, 16.62 
Monday March 27 2023 22:22:01, 16.66 
Monday March 27 2023 22:23:02, 16.66 
Monday March 27 2023 22:24:01, 16.62 
Monday March 27 2023 22:25:01, 16.66 
Monday March 27 2023 22:26:01, 16.66 
Monday March 27 2023 22:27:01, 16.63 
Monday March 27 2023 22:28:02, 16.63 
Monday March 27 2023 22:29:01, 16.63 
Monday March 27 2023 22:30:01, 16.63 
Monday March 27 2023 22:31:02, 16.63 
Monday March 27 2023 22:32:01, 16.66 
Monday March 27 2023 22:33:01, 16.63 
Monday March 27 2023 22:34:02, 16.66 
Monday March 27 2023 22:35:01, 16.66 
Monday March 27 2023 22:36:01, 16.66 
Monday March 27 2023 22:37:02, 16.65 
Monday March 27 2023 22:38:01, 16.66 
Monday March 27 2023 22:39:01, 16.65 
Monday March 27 2023 22:40:02, 16.65 
Monday March 27 2023 22:41:01, 16.65 
Monday March 27 2023 22:42:01, 16.67 
Monday March 27 2023 22:43:02, 16.65 
Monday March 27 2023 22:44:01, 16.67 
Monday March 27 2023 22:45:01, 16.67 
Monday March 27 2023 22:46:02, 16.67 
Monday March 27 2023 22:47:01, 16.64 
Monday March 27 2023 22:48:02, 16.64 
Monday March 27 2023 22:49:01, 16.64 
Monday March 27 2023 22:50:02, 16.64 
Monday March 27 2023 22:51:01, 16.63 
Monday March 27 2023 22:52:02, 16.63 
Monday March 27 2023 22:53:01, 16.63 
Monday March 27 2023 22:54:01, 16.63 
Monday March 27 2023 22:55:01, 16.63 
Monday March 27 2023 22:56:02, 16.63 
Monday March 27 2023 22:57:01, 16.65 
Monday March 27 2023 22:58:01, 16.65 
Monday March 27 2023 22:59:01, 16.65 
Monday March 27 2023 23:00:02, 16.65 
Monday March 27 2023 23:01:02, 16.65 
Monday March 27 2023 23:02:01, 16.65 
Monday March 27 2023 23:03:01, 16.65 
Monday March 27 2023 23:04:02, 16.65 
Monday March 27 2023 23:05:01, 16.65 
Monday March 27 2023 23:06:01, 16.68 
Monday March 27 2023 23:07:02, 16.68 
Monday March 27 2023 23:08:01, 16.68 
Monday March 27 2023 23:09:01, 16.68 
Monday March 27 2023 23:10:01, 16.68 
Monday March 27 2023 23:11:01, 16.68 
Monday March 27 2023 23:12:02, 16.68 
Monday March 27 2023 23:13:01, 16.68 
Monday March 27 2023 23:14:02, 16.68 
Monday March 27 2023 23:15:01, 16.68 
Monday March 27 2023 23:16:01, 16.71 
Monday March 27 2023 23:17:02, 16.71 
Monday March 27 2023 23:18:01, 16.68 
Monday March 27 2023 23:19:01, 16.68 
Monday March 27 2023 23:20:01, 16.71 
Monday March 27 2023 23:21:02, 16.67 
Monday March 27 2023 23:22:01, 16.67 
Monday March 27 2023 23:23:01, 16.67 
Monday March 27 2023 23:24:02, 16.67 
Monday March 27 2023 23:25:01, 16.67 
Monday March 27 2023 23:26:01, 16.67 
Monday March 27 2023 23:27:01, 16.69 
Monday March 27 2023 23:28:01, 16.69 
Monday March 27 2023 23:29:02, 16.69 
Monday March 27 2023 23:30:01, 16.69 
Monday March 27 2023 23:31:01, 16.69 
Monday March 27 2023 23:32:02, 16.69 
Monday March 27 2023 23:33:01, 16.69 
Monday March 27 2023 23:34:01, 16.69 
Monday March 27 2023 23:35:01, 16.69 
Monday March 27 2023 23:36:02, 16.69 
Monday March 27 2023 23:37:01, 16.69 
Monday March 27 2023 23:38:02, 16.69 
Monday March 27 2023 23:39:01, 16.69 
Monday March 27 2023 23:40:01, 16.69 
Monday March 27 2023 23:41:01, 16.71 
Monday March 27 2023 23:42:01, 16.69 
Monday March 27 2023 23:43:02, 16.71 
Monday March 27 2023 23:44:01, 16.71 
Monday March 27 2023 23:45:01, 16.70 
Monday March 27 2023 23:46:02, 16.71 
Monday March 27 2023 23:47:01, 16.70 
Monday March 27 2023 23:48:01, 16.70 
Monday March 27 2023 23:49:02, 16.70 
Monday March 27 2023 23:50:01, 16.70 
Monday March 27 2023 23:51:01, 16.71 
Monday March 27 2023 23:52:02, 16.71 
Monday March 27 2023 23:53:01, 16.71 
Monday March 27 2023 23:54:01, 16.71 
Monday March 27 2023 23:55:01, 16.71 
Monday March 27 2023 23:56:02, 16.71 
Monday March 27 2023 23:57:01, 16.71 
Monday March 27 2023 23:58:01, 16.71 
Monday March 27 2023 23:59:02, 16.71 
Tuesday March 28 2023 00:00:01, 16.71 
Tuesday March 28 2023 00:01:02, 16.68 
Tuesday March 28 2023 00:02:01, 16.71 
Tuesday March 28 2023 00:03:01, 16.68 
Tuesday March 28 2023 00:04:01, 16.68 
Tuesday March 28 2023 00:05:01, 16.68 
Tuesday March 28 2023 00:06:02, 16.68 
Tuesday March 28 2023 00:07:01, 16.68 
Tuesday March 28 2023 00:08:01, 16.68 
Tuesday March 28 2023 00:09:01, 16.68 
Tuesday March 28 2023 00:10:01, 16.70 
Tuesday March 28 2023 00:11:02, 16.70 
Tuesday March 28 2023 00:12:01, 16.70 
Tuesday March 28 2023 00:13:01, 16.70 
Tuesday March 28 2023 00:14:01, 16.70 
Tuesday March 28 2023 00:15:02, 16.73 
Tuesday March 28 2023 00:16:01, 16.70 
Tuesday March 28 2023 00:17:01, 16.73 
Tuesday March 28 2023 00:18:02, 16.73 
Tuesday March 28 2023 00:19:01, 16.73 
Tuesday March 28 2023 00:20:01, 16.73 
Tuesday March 28 2023 00:21:01, 16.71 
Tuesday March 28 2023 00:22:02, 16.73 
Tuesday March 28 2023 00:23:01, 16.71 
Tuesday March 28 2023 00:24:01, 16.71 
Tuesday March 28 2023 00:25:01, 16.71 
Tuesday March 28 2023 00:26:02, 16.72 
Tuesday March 28 2023 00:27:01, 16.72 
Tuesday March 28 2023 00:28:01, 16.72 
Tuesday March 28 2023 00:29:02, 16.72 
Tuesday March 28 2023 00:30:01, 16.72 
Tuesday March 28 2023 00:31:01, 16.72 
Tuesday March 28 2023 00:32:02, 16.73 
Tuesday March 28 2023 00:33:01, 16.73 
Tuesday March 28 2023 00:34:01, 16.73 
Tuesday March 28 2023 00:35:02, 16.73 
Tuesday March 28 2023 00:36:01, 16.73 
Tuesday March 28 2023 00:37:01, 16.73 
Tuesday March 28 2023 00:38:01, 16.73 
Tuesday March 28 2023 00:39:01, 16.72 
Tuesday March 28 2023 00:40:02, 16.72 
Tuesday March 28 2023 00:41:01, 16.72 
Tuesday March 28 2023 00:42:01, 16.72 
Tuesday March 28 2023 00:43:01, 16.72 
Tuesday March 28 2023 00:44:02, 16.71 
Tuesday March 28 2023 00:45:01, 16.71 
Tuesday March 28 2023 00:46:01, 16.71 
Tuesday March 28 2023 00:47:02, 16.71 
Tuesday March 28 2023 00:48:01, 16.71 
Tuesday March 28 2023 00:49:01, 16.70 
Tuesday March 28 2023 00:50:01, 16.71 
Tuesday March 28 2023 00:51:02, 16.70 
Tuesday March 28 2023 00:52:01, 16.70 
Tuesday March 28 2023 00:53:01, 16.70 
Tuesday March 28 2023 00:54:02, 16.70 
Tuesday March 28 2023 00:55:01, 16.70 
Tuesday March 28 2023 00:56:01, 16.70 
Tuesday March 28 2023 00:57:01, 16.70 
Tuesday March 28 2023 00:58:02, 16.70 
Tuesday March 28 2023 00:59:01, 16.70 
Tuesday March 28 2023 01:00:01, 16.70 
Tuesday March 28 2023 01:01:01, 16.70 
Tuesday March 28 2023 01:02:02, 16.71 
Tuesday March 28 2023 01:03:01, 16.71 
Tuesday March 28 2023 01:04:01, 16.71 
Tuesday March 28 2023 01:05:02, 16.71 
Tuesday March 28 2023 01:06:01, 16.71 
Tuesday March 28 2023 01:07:01, 16.71 
Tuesday March 28 2023 01:08:01, 16.73 
Tuesday March 28 2023 01:09:01, 16.73 
Tuesday March 28 2023 01:10:02, 16.73 
Tuesday March 28 2023 01:11:01, 16.75 
Tuesday March 28 2023 01:12:02, 16.75 
Tuesday March 28 2023 01:13:01, 16.73 
Tuesday March 28 2023 01:14:01, 16.75 
Tuesday March 28 2023 01:15:01, 16.75 
Tuesday March 28 2023 01:16:01, 16.75 
Tuesday March 28 2023 01:17:02, 16.75 
Tuesday March 28 2023 01:18:01, 16.75 
Tuesday March 28 2023 01:19:01, 16.75 
Tuesday March 28 2023 01:20:01, 16.75 
Tuesday March 28 2023 01:21:02, 16.70 
Tuesday March 28 2023 01:22:01, 16.75 
Tuesday March 28 2023 01:23:01, 16.70 
Tuesday March 28 2023 01:24:02, 16.70 
Tuesday March 28 2023 01:25:01, 16.70 
Tuesday March 28 2023 01:26:01, 16.70 
Tuesday March 28 2023 01:27:02, 16.69 
Tuesday March 28 2023 01:28:01, 16.70 
Tuesday March 28 2023 01:29:01, 16.70 
Tuesday March 28 2023 01:30:02, 16.69 
Tuesday March 28 2023 01:31:01, 16.69 
Tuesday March 28 2023 01:32:01, 16.72 
Tuesday March 28 2023 01:33:02, 16.72 
Tuesday March 28 2023 01:34:01, 16.72 
Tuesday March 28 2023 01:35:02, 16.72 
Tuesday March 28 2023 01:36:01, 16.72 
Tuesday March 28 2023 01:37:01, 16.72 
Tuesday March 28 2023 01:38:01, 16.74 
Tuesday March 28 2023 01:39:02, 16.74 
Tuesday March 28 2023 01:40:01, 16.74 
Tuesday March 28 2023 01:41:02, 16.74 
Tuesday March 28 2023 01:42:01, 16.74 
Tuesday March 28 2023 01:43:01, 16.74 
Tuesday March 28 2023 01:44:01, 16.74 
Tuesday March 28 2023 01:45:01, 16.74 
Tuesday March 28 2023 01:46:02, 16.72 
Tuesday March 28 2023 01:47:01, 16.72 
Tuesday March 28 2023 01:48:01, 16.72 
Tuesday March 28 2023 01:49:02, 16.77 
Tuesday March 28 2023 01:50:01, 16.77 
Tuesday March 28 2023 01:51:02, 16.77 
Tuesday March 28 2023 01:52:01, 16.77 
Tuesday March 28 2023 01:53:01, 16.77 
Tuesday March 28 2023 01:54:02, 16.77 
Tuesday March 28 2023 01:55:01, 16.78 
Tuesday March 28 2023 01:56:02, 16.78 
Tuesday March 28 2023 01:57:01, 16.78 
Tuesday March 28 2023 01:58:01, 16.74 
Tuesday March 28 2023 01:59:02, 16.74 
Tuesday March 28 2023 02:00:01, 16.74 
Tuesday March 28 2023 02:01:01, 16.74 
Tuesday March 28 2023 02:02:02, 16.74 
Tuesday March 28 2023 02:03:01, 16.74 
Tuesday March 28 2023 02:04:01, 16.74 
Tuesday March 28 2023 02:05:01, 16.74 
Tuesday March 28 2023 02:06:02, 16.74 
Tuesday March 28 2023 02:07:01, 16.74 
Tuesday March 28 2023 02:08:01, 16.71 
Tuesday March 28 2023 02:09:01, 16.71 
Tuesday March 28 2023 02:10:02, 16.71 
Tuesday March 28 2023 02:11:01, 16.71 
Tuesday March 28 2023 02:12:01, 16.71 
Tuesday March 28 2023 02:13:02, 16.72 
Tuesday March 28 2023 02:14:01, 16.72 
Tuesday March 28 2023 02:15:02, 16.72 
Tuesday March 28 2023 02:16:01, 16.72 
Tuesday March 28 2023 02:17:01, 16.72 
Tuesday March 28 2023 02:18:01, 16.72 
Tuesday March 28 2023 02:19:02, 16.72 
Tuesday March 28 2023 02:20:01, 16.67 
Tuesday March 28 2023 02:21:01, 16.67 
Tuesday March 28 2023 02:22:02, 16.72 
Tuesday March 28 2023 02:23:01, 16.67 
Tuesday March 28 2023 02:24:01, 16.67 
Tuesday March 28 2023 02:25:02, 16.72 
Tuesday March 28 2023 02:26:01, 16.72 
Tuesday March 28 2023 02:27:02, 16.73 
Tuesday March 28 2023 02:28:02, 16.73 
Tuesday March 28 2023 02:29:01, 16.73 
Tuesday March 28 2023 02:30:01, 16.73 
Tuesday March 28 2023 02:31:02, 16.71 
Tuesday March 28 2023 02:32:02, 16.71 
Tuesday March 28 2023 02:33:01, 16.71 
Tuesday March 28 2023 02:34:01, 16.71 
Tuesday March 28 2023 02:35:01, 16.71 
Tuesday March 28 2023 02:36:02, 16.65 
